,Gen Abrev,Entry,Entry name,Protein,Gene,Organism,Status,GoBiological
0,UBA52,P63048,RL40_BOVIN,Ubiquitin-60S ribosomal protein L40,UBA52,Bos taurus (Bovine),Reviewed,modification-dependent protein catabolic process.protein ubiquitination.translation
1,KXD1,Q2HJA5,DTBP1_BOVIN,Dysbindin,DTNBP1,Bos taurus (Bovine),Reviewed,actin cytoskeleton reorganization.anterograde axonal transport.anterograde synaptic vesicle transport.negative regulation of protein kinase activity.neuron projection development.neuron projection morphogenesis.platelet dense granule organization.positive regulation of gene expression.positive regulation of neurotransmitter secretion.regulation of dopamine receptor signaling pathway.regulation of dopamine secretion.regulation of synaptic vesicle exocytosis
2,FKBP8,O02718,BCL2_BOVIN,Apoptosis regulator Bcl-2,BCL2,Bos taurus (Bovine),Reviewed,extrinsic apoptotic signaling pathway in absence of ligand.intrinsic apoptotic signaling pathway in response to DNA damage.negative regulation of apoptotic process.negative regulation of cellular pH reduction.negative regulation of intrinsic apoptotic signaling pathway.regulation of mitochondrial membrane permeability.regulation of mitochondrial membrane potential.release of cytochrome c from mitochondria
3,ELL,Q5EAB2,CDK9_BOVIN,Cyclin-dependent kinase 9,CDK9,Bos taurus (Bovine),Reviewed,cellular response to cytokine stimulus.DNA repair.negative regulation of cell cycle arrest.negative regulation of mRNA polyadenylation.phosphorylation of RNA polymerase II C-terminal domain.positive regulation of histone H2B ubiquitination.positive regulation of histone phosphorylation.positive regulation of mRNA 3'-UTR binding.positive regulation of transcription by RNA polymerase II.protein phosphorylation.regulation of DNA repair.regulation of muscle cell differentiation.replication fork processing
4,ISYNA1,Q2NL29,INO1_BOVIN,Inositol-3-phosphate synthase 1,ISYNA1,Bos taurus (Bovine),Reviewed,inositol biosynthetic process.phospholipid biosynthetic process
5,SSBP4 ,A0A3Q1MLD3,A0A3Q1MLD3_BOVIN,Single stranded DNA binding protein 4,SSBP4,Bos taurus (Bovine),Unreviewed,positive regulation of transcription by RNA polymerase II
6,LRRC25,Q8MII8,LRC25_BOVIN,Leucine-rich repeat-containing protein 25,LRRC25,Bos taurus (Bovine),Reviewed,NA
7,GDF15,E1BBL5,E1BBL5_BOVIN,Growth differentiation factor 15,GDF15,Bos taurus (Bovine),Unreviewed,activation of MAPK activity.BMP signaling pathway.glial cell-derived neurotrophic factor receptor signaling pathway.negative regulation of growth hormone receptor signaling pathway.negative regulation of multicellular organism growth.positive regulation of myoblast fusion.positive regulation of pathway-restricted SMAD protein phosphorylation.positive regulation of protein kinase B signaling.reduction of food intake in response to dietary excess.SMAD protein signal transduction
8,PGPEP1,A0A4W2EXB0,A0A4W2EXB0_BOBOX,Pyroglutamyl-peptidase I,PGPEP1,Bos indicus x Bos taurus (Hybrid cattle),Unreviewed,NA
9,LSM4,Q3ZBK6,LSM4_BOVIN,U6 snRNA-associated Sm-like protein LSm4,LSM4,Bos taurus (Bovine),Reviewed,"mRNA splicing, via spliceosome.nuclear-transcribed mRNA catabolic process.P-body assembly.spliceosomal snRNP assembly"
10,JUND,E1BD44,BATF_BOVIN,Basic leucine zipper transcriptional factor ATF-like,BATF,Bos taurus (Bovine),Reviewed,"cellular response to DNA damage stimulus.defense response to protozoan.DNA damage response, signal transduction by p53 class mediator.hematopoietic stem cell differentiation.isotype switching.lymphoid progenitor cell differentiation.myeloid dendritic cell differentiation.positive regulation of cytokine production.regulation of transcription by RNA polymerase II.T-helper 17 cell differentiation.T-helper 17 cell lineage commitment.T-helper 2 cell differentiation"
11,IQCN,A0A4W2EY91,A0A4W2EY91_BOBOX,Uncharacterized protein,N/A,Bos indicus x Bos taurus (Hybrid cattle),Unreviewed,NA
12,CIST1,A0A3Q1MIJ5,A0A3Q1MIJ5_BOVIN,Uncharacterized protein,CIST1,Bos taurus (Bovine),Unreviewed,NA
13,PDE4C,Q4GZT3,PKD2_BOVIN,Polycystin-2,PKD2,Bos taurus (Bovine),Reviewed,calcium ion transmembrane transport.cell-cell signaling by wnt.cellular response to calcium ion.detection of mechanical stimulus.inorganic cation transmembrane transport.potassium ion transmembrane transport.protein heterotetramerization.protein tetramerization.regulation of ion transmembrane transport.release of sequestered calcium ion into cytosol.Wnt signaling pathway
14,RAB3A,P11023,RAB3A_BOVIN,Ras-related protein Rab-3A,RAB3A,Bos taurus (Bovine),Reviewed,axonogenesis.lung development.maintenance of presynaptic active zone structure.mitochondrion organization.neuromuscular synaptic transmission.post-embryonic development.protein localization to plasma membrane.protein secretion.regulation of exocytosis.regulation of synaptic vesicle fusion to presynaptic active zone membrane.respiratory system process.response to electrical stimulus.sensory perception of touch.synaptic vesicle exocytosis.synaptic vesicle maturation.vesicle docking involved in exocytosis
15,MPV17L2,A5D787,M17L2_BOVIN,Mpv17-like protein 2,MPV17L2,Bos taurus (Bovine),Reviewed,mitochondrial ribosome assembly.positive regulation of mitochondrial translation
16,IFI30,A6QPN6,GILT_BOVIN,Gamma-interferon-inducible lysosomal thiol reductase,IFI30,Bos taurus (Bovine),Reviewed,antigen processing and presentation of exogenous peptide antigen via MHC class I
17,PIK3R2,P23726,P85B_BOVIN,Phosphatidylinositol 3-kinase regulatory subunit beta,PIK3R2,Bos taurus (Bovine),Reviewed,cellular glucose homeostasis.cellular response to insulin stimulus.insulin receptor signaling pathway.phosphatidylinositol 3-kinase signaling.phosphatidylinositol phosphorylation.positive regulation of cell adhesion.positive regulation of protein import into nucleus.positive regulation of transcription by RNA polymerase II.protein transport.regulation of actin filament polymerization.regulation of autophagy.regulation of phosphatidylinositol 3-kinase activity.regulation of protein localization to plasma membrane.regulation of stress fiber assembly.response to endoplasmic reticulum stress
18,MAST3,A0A3Q1M4R9,A0A3Q1M4R9_BOVIN,Non-specific serine/threonine protein kinase,MAST3,Bos taurus (Bovine),Unreviewed,cytoskeleton organization.intracellular signal transduction.peptidyl-serine phosphorylation
19,IL12RB1,P46282,IL12B_BOVIN,Interleukin-12 subunit beta,IL12B,Bos taurus (Bovine),Reviewed,cytokine-mediated signaling pathway.interferon-gamma production.natural killer cell activation.positive regulation of activated T cell proliferation.positive regulation of interferon-gamma production.T-helper cell differentiation
20,ARRDC2,A2VDR7,A2VDR7_BOVIN,Arrestin domain containing 2,ARRDC2,Bos taurus (Bovine),Unreviewed,protein transport
21,KCNN1,E1BGY2,E1BGY2_BOVIN,Potassium calcium-activated channel subfamily N member 1,KCNN1,Bos taurus (Bovine),Unreviewed,ion transport.potassium ion transmembrane transport
22,CCDC124,Q2TBV6,CC124_BOVIN,Coiled-coil domain-containing protein 124,CCDC124,Bos taurus (Bovine),Reviewed,cell cycle.cell division
23,SLC5A5,F1MT46,F1MT46_BOVIN,Solute carrier family 5 member 5,SLC5A5,Bos taurus (Bovine),Unreviewed,cellular response to cAMP.cellular response to gonadotropin stimulus.iodide transmembrane transport.sodium ion transport.thyroid hormone generation
24,RPL18A ,Q3T003,RL18A_BOVIN,60S ribosomal protein L18a,RPL18A,Bos taurus (Bovine),Reviewed,cytoplasmic translation
25,JAK3,E1BEL4,E1BEL4_BOVIN,Tyrosine-protein kinase,JAK3,Bos taurus (Bovine),Unreviewed,B cell differentiation.cytokine-mediated signaling pathway.erythrocyte differentiation.interleukin-4-mediated signaling pathway.intracellular signal transduction.positive regulation of T cell proliferation.regulation of apoptotic process.T cell homeostasis.tyrosine phosphorylation of STAT protein
26,INSL3,O77801,INSL3_BOVIN,Insulin-like 3,INSL3,Bos taurus (Bovine),Reviewed,adenylate cyclase-inhibiting G protein-coupled receptor signaling pathway
27,B3GNT3,A4IFK5,A4IFK5_BOVIN,Hexosyltransferase,B3GNT3,Bos taurus (Bovine),Unreviewed,protein glycosylation
28,FCHO1,Q28041,ACVR1_BOVIN,Activin receptor type-1,ACVR1,Bos taurus (Bovine),Reviewed,angiogenesis.BMP signaling pathway.cellular response to growth factor stimulus.determination of left/right symmetry.dorsal/ventral pattern formation.germ cell development.heart development.in utero embryonic development.neural crest cell migration.protein phosphorylation.transforming growth factor beta receptor signaling pathway.urogenital system development
29,MAP1S,A6QQ70,MAP1S_BOVIN,Microtubule-associated protein 1S,MAP1S,Bos taurus (Bovine),Reviewed,apoptotic process.axonogenesis.dendrite development.microtubule cytoskeleton organization.regulation of microtubule depolymerization
30,UNC13A,F1MK99,F1MK99_BOVIN,Unc-13 homolog A,UNC13A,Bos taurus (Bovine),Unreviewed,"dense core granule priming.intracellular signal transduction.neuromuscular junction development.presynaptic dense core vesicle exocytosis.synaptic transmission, glutamatergic.synaptic vesicle docking.synaptic vesicle maturation.synaptic vesicle priming"
31,COLGALT1,A5PK45,GT251_BOVIN,Procollagen galactosyltransferase 1,COLGALT1,Bos taurus (Bovine),Reviewed,positive regulation of collagen fibril organization
32,FAM129C,NA,NA,NA,NA,NA,NA,NA
33,PGLS,Q2TBQ8,6PGL_BOVIN,6-phosphogluconolactonase,PGLS,Bos taurus (Bovine),Reviewed,carbohydrate metabolic process.pentose-phosphate shunt
34,SLC27A1,Q3ZKN0,S27A1_BOVIN,Long-chain fatty acid transport protein 1,SLC27A1,Bos taurus (Bovine),Reviewed,adiponectin-activated signaling pathway.cardiolipin biosynthetic process.long-chain fatty acid import into cell.medium-chain fatty acid transport.negative regulation of phospholipid biosynthetic process.phosphatidic acid biosynthetic process.phosphatidylcholine biosynthetic process.phosphatidylethanolamine biosynthetic process.phosphatidylinositol biosynthetic process.phosphatidylserine biosynthetic process.positive regulation of heat generation.positive regulation of protein serine/threonine kinase activity.positive regulation of triglyceride biosynthetic process.response to cold.response to insulin
35,NXNL1,P27674,GTR1_BOVIN,"Solute carrier family 2, facilitated glucose transporter member 1",SLC2A1,Bos taurus (Bovine),Reviewed,cellular response to glucose starvation.central nervous system development.glucose import.glucose import across plasma membrane.glucose transmembrane transport.long-chain fatty acid import across plasma membrane.photoreceptor cell maintenance.protein-containing complex assembly.transport across blood-brain barrier
36,TMEM221 ,A0A4W2EXU3,A0A4W2EXU3_BOBOX,Uncharacterized protein,TMEM221,Bos indicus x Bos taurus (Hybrid cattle),Unreviewed,NA
37,MVB12A,Q3T0N1,MB12A_BOVIN,Multivesicular body subunit 12A,MVB12A,Bos taurus (Bovine),Reviewed,endosome to lysosome transport via multivesicular body sorting pathway.protein transport.receptor catabolic process.regulation of epidermal growth factor receptor signaling pathway.viral budding.virus maturation
38,CCDC194,A0A4W2G1G4,A0A4W2G1G4_BOBOX,Uncharacterized protein,CCDC194,Bos indicus x Bos taurus (Hybrid cattle),Unreviewed,NA
39,PLVAP,Q3ZC85,Q3ZC85_BOVIN,Plasmalemma vesicle associated protein,PLVAP,Bos taurus (Bovine),Unreviewed,MAPK cascade.positive regulation of cellular extravasation.tumor necrosis factor-mediated signaling pathway
40,GTPBP3,E1BH64,E1BH64_BOVIN,"GTP binding protein 3, mitochondrial",GTPBP3,Bos taurus (Bovine),Unreviewed,tRNA methylation.tRNA wobble uridine modification
41,ANO8,E1BJF8,E1BJF8_BOVIN,Anoctamin,ANO8,Bos taurus (Bovine),Unreviewed,transmembrane transport
42,DDA1,A1A4K3,DDB1_BOVIN,DNA damage-binding protein 1,DDB1,Bos taurus (Bovine),Reviewed,nucleotide-excision repair.positive regulation of gluconeogenesis.proteasome-mediated ubiquitin-dependent protein catabolic process.protein ubiquitination.regulation of circadian rhythm.rhythmic process.ubiquitin-dependent protein catabolic process
43,MRPL34,A8NN94,RM34_BOVIN,"39S ribosomal protein L34, mitochondrial",MRPL34,Bos taurus (Bovine),Reviewed,translation
44,ABHD8,Q17QP1,ABHD8_BOVIN,Protein ABHD8,ABHD8,Bos taurus (Bovine),Reviewed,lipid homeostasis.phosphatidic acid biosynthetic process
45,ANKLE1,P61283,BAF_BOVIN,Barrier-to-autointegration factor,BANF1,Bos taurus (Bovine),Reviewed,chromosome condensation.chromosome segregation
46,BABAM1,Q08E57,BABA1_BOVIN,BRISC and BRCA1-A complex member 1,BABAM1,Bos taurus (Bovine),Reviewed,cell cycle.cell division.chromatin organization.double-strand break repair.hematopoietic stem cell proliferation.positive regulation of DNA repair.protein K63-linked deubiquitination.response to ionizing radiation.signal transduction involved in G2 DNA damage checkpoint
47,USHBP1,Q3MHQ0,USH1C_BOVIN,Harmonin,USH1C,Bos taurus (Bovine),Reviewed,brush border assembly.cell differentiation.protein localization to microvillus.regulation of microvillus length.sensory perception of sound
48,NR2F6,Q9TTR7,COT2_BOVIN,COUP transcription factor 2,NR2F2,Bos taurus (Bovine),Reviewed,"anatomical structure development.anterior/posterior pattern specification.blood vessel morphogenesis.cell differentiation.female gonad development.fertilization.forebrain development.limb development.lymphatic endothelial cell fate commitment.maternal placenta development.negative regulation of cyclin-dependent protein serine/threonine kinase activity.negative regulation of endothelial cell migration.negative regulation of endothelial cell proliferation.negative regulation of transcription by RNA polymerase II.neuron migration.placenta blood vessel development.positive regulation of transcription, DNA-templated.positive regulation of transcription by RNA polymerase II.radial pattern formation.regulation of transcription by RNA polymerase II.skeletal muscle tissue development.trophoblast giant cell differentiation"
49,OCEL1,A0A4W2EY62,A0A4W2EY62_BOBOX,Occludin_ELL domain-containing protein,OCEL1,Bos indicus x Bos taurus (Hybrid cattle),Unreviewed,NA
50,USE1,Q70VZ8,DGAT2_BOVIN,Diacylglycerol O-acyltransferase 2,DGAT2,Bos taurus (Bovine),Reviewed,cellular response to oleic acid.cellular triglyceride homeostasis.cholesterol homeostasis.diacylglycerol biosynthetic process.diacylglycerol metabolic process.fat pad development.fatty acid homeostasis.glycerol metabolic process.lipid metabolic process.lipid storage.long-chain fatty-acyl-CoA metabolic process.low-density lipoprotein particle clearance.monoacylglycerol biosynthetic process.regulation of plasma lipoprotein particle levels.triglyceride biosynthetic process
51,MYO9B,O46382,BIG1_BOVIN,Brefeldin A-inhibited guanine nucleotide-exchange protein 1,ARFGEF1,Bos taurus (Bovine),Reviewed,endomembrane system organization.Golgi organization.negative regulation of actin filament polymerization.negative regulation of GTPase activity.positive regulation of protein glycosylation in Golgi.positive regulation of wound healing.protein transport.regulation of ARF protein signal transduction.regulation of establishment of cell polarity
52,HAUS8,Q0VCD2,TBG1_BOVIN,Tubulin gamma-1 chain,TUBG1,Bos taurus (Bovine),Reviewed,cytoplasmic microtubule organization.meiotic spindle organization.microtubule cytoskeleton organization.microtubule nucleation.mitotic cell cycle.mitotic sister chromatid segregation.mitotic spindle organization
53,CPAMD8,A0A4W2F0F6,A0A4W2F0F6_BOBOX,Kazal-like domain-containing protein,CPAMD8,Bos indicus x Bos taurus (Hybrid cattle),Unreviewed,NA
54,F2RL3,F1MCC4,F1MCC4_BOVIN,F2R like thrombin or trypsin receptor 3,F2RL3,Bos taurus (Bovine),Unreviewed,blood coagulation.positive regulation of cytosolic calcium ion concentration involved in phospholipase C-activating G protein-coupled signaling pathway.positive regulation of release of sequestered calcium ion into cytosol.positive regulation of Rho protein signal transduction
55,SIN3B,E1BGW5,E1BGW5_BOVIN,SIN3 transcription regulator family member B,SIN3B,Bos taurus (Bovine),Unreviewed,histone deacetylation.negative regulation of transcription by RNA polymerase II
56,NWD1,Q76LV1,HS90B_BOVIN,Heat shock protein HSP 90-beta,HSP90AB1,Bos taurus (Bovine),Reviewed,axon extension.cellular response to heat.cellular response to interleukin-4.central nervous system neuron axonogenesis.establishment of cell polarity.negative regulation of apoptotic process.negative regulation of cell cycle arrest.negative regulation of proteasomal ubiquitin-dependent protein catabolic process.negative regulation of transforming growth factor beta activation.placenta development.positive regulation of cyclin-dependent protein kinase activity.positive regulation of peptidyl-serine phosphorylation.positive regulation of protein kinase B signaling.positive regulation of transforming growth factor beta receptor signaling pathway.protein folding.protein stabilization.regulation of cellular protein localization
57,TMEM38A,A4FV75,TM38A_BOVIN,Trimeric intracellular cation channel type A,TMEM38A,Bos taurus (Bovine),Reviewed,cellular response to caffeine.endoplasmic reticulum organization.regulation of cardiac muscle contraction by regulation of the release of sequestered calcium ion.release of sequestered calcium ion into cytosol by sarcoplasmic reticulum
58,SMIM7,Q3SZ97,SMIM7_BOVIN,Small integral membrane protein 7,SMIM7,Bos taurus (Bovine),Reviewed,NA
59,MED26,O02755,CEBPB_BOVIN,CCAAT/enhancer-binding protein beta,CEBPB,Bos taurus (Bovine),Reviewed,"cell differentiation.defense response to bacterium.hepatocyte proliferation.liver regeneration.negative regulation of T cell proliferation.negative regulation of transcription by RNA polymerase II.ovarian follicle development.positive regulation of fat cell differentiation.positive regulation of interleukin-4 production.regulation of cell differentiation.regulation of odontoblast differentiation.regulation of osteoclast differentiation.regulation of transcription, DNA-templated.regulation of transcription by RNA polymerase II.response to endoplasmic reticulum stress"
60,SLC35E1,F1ML50,F1ML50_BOVIN,Solute carrier family 35 member E1,SLC35E1,Bos taurus (Bovine),Unreviewed,NA
61,CHERP,A8E648,A8E648_BOVIN,CHERP protein,CHERP,Bos taurus (Bovine),Unreviewed,cellular calcium ion homeostasis.RNA processing
62,C7H19orf44,E1BPD6,E1BPD6_BOVIN,Chromosome 7 C19orf44 homolog,C7H19orf44,Bos taurus (Bovine),Unreviewed,NA
63,CALR3,Q2TBR8,CALR3_BOVIN,Calreticulin-3,CALR3,Bos taurus (Bovine),Reviewed,cell differentiation.endoplasmic reticulum unfolded protein response.protein folding.spermatogenesis
64,EPS15L1,A4FV37,CAVN3_BOVIN,Caveolae-associated protein 3,CAVIN3,Bos taurus (Bovine),Reviewed,circadian regulation of gene expression.cortical actin cytoskeleton organization.negative regulation of fermentation.negative regulation of protein kinase B signaling.positive regulation of ERK1 and ERK2 cascade
65,PTPRS,P21782,PTN_BOVIN,Pleiotrophin,PTN,Bos taurus (Bovine),Reviewed,decidualization.dendrite arborization.dendrite regeneration.estrous cycle.integrin-mediated signaling pathway.learning.leukocyte chemotaxis involved in inflammatory response.memory.negative regulation of long-term synaptic potentiation.negative regulation of neuroblast proliferation.oogenesis.ossification involved in bone remodeling.positive regulation of axon regeneration.positive regulation of bone mineralization.positive regulation of cell differentiation.positive regulation of cell division.positive regulation of cell population proliferation.positive regulation of dendrite development.positive regulation of hepatocyte proliferation.positive regulation of leukocyte chemotaxis.positive regulation of neuron projection development.positive regulation of oligodendrocyte differentiation.positive regulation of ossification.positive regulation of stem cell differentiation.receptor clustering.regulation of endothelial cell migration.regulation of hemopoiesis.regulation of myelination.regulation of stem cell population maintenance.regulation of synaptic plasticity.response to auditory stimulus.tissue regeneration
66,KDM4B,E1BA41,E1BA41_BOVIN,[Histone H3]-trimethyl-L-lysine(9) demethylase,KDM4B,Bos taurus (Bovine),Unreviewed,chromatin remodeling.histone H3-K36 demethylation.negative regulation of histone H3-K9 trimethylation
67,UHRF1,A7E320,UHRF1_BOVIN,E3 ubiquitin-protein ligase UHRF1,UHRF1,Bos taurus (Bovine),Reviewed,cell cycle.DNA repair.histone monoubiquitination.histone ubiquitination.maintenance of DNA methylation.negative regulation of transcription by RNA polymerase II.protein autoubiquitination.protein ubiquitination.ubiquitin-dependent protein catabolic process
68,ARRDC5,F1MY18,F1MY18_BOVIN,Arrestin domain-containing protein 5,ARRDC5,Bos taurus (Bovine),Unreviewed,protein transport
69,PLIN3,P53620,COPG1_BOVIN,Coatomer subunit gamma-1,COPG1,Bos taurus (Bovine),Reviewed,"intracellular protein transport.intra-Golgi vesicle-mediated transport.retrograde vesicle-mediated transport, Golgi to endoplasmic reticulum"
70,TICAM1,Q4JF29,TCAM1_BOVIN,TIR domain-containing adapter molecule 1,TICAM1,Bos taurus (Bovine),Reviewed,apoptotic process.defense response to virus.inflammatory response.innate immune response.lipopolysaccharide-mediated signaling pathway.positive regulation of cytokine production involved in inflammatory response.positive regulation of I-kappaB kinase/NF-kappaB signaling.positive regulation of myeloid dendritic cell cytokine production.positive regulation of natural killer cell activation.positive regulation of NF-kappaB transcription factor activity.response to exogenous dsRNA.TRIF-dependent toll-like receptor signaling pathway
71,FEM1A,Q29RM5,FEM1A_BOVIN,Protein fem-1 homolog A,FEM1A,Bos taurus (Bovine),Reviewed,negative regulation of inflammatory response.protein ubiquitination.regulation of ubiquitin-protein transferase activity.ubiquitin-dependent protein catabolic process
72,DPP9,E1BI31,E1BI31_BOVIN,Dipeptidyl peptidase 9,DPP9,Bos taurus (Bovine),Unreviewed,NA
73,MYDGF,P62248,MYDGF_BOVIN,Myeloid-derived growth factor,MYDGF,Bos taurus (Bovine),Reviewed,angiogenesis.apoptotic process.negative regulation of apoptotic process.positive regulation of angiogenesis.positive regulation of endothelial cell proliferation.positive regulation of MAPK cascade.positive regulation of phosphatidylinositol 3-kinase signaling.positive regulation of protein kinase B signaling.positive regulation of protein phosphorylation.positive regulation of transcription by RNA polymerase II
74,TNFAIP8L1,A5PK29,TP8L1_BOVIN,Tumor necrosis factor alpha-induced protein 8-like protein 1,TNFAIP8L1,Bos taurus (Bovine),Reviewed,negative regulation of TOR signaling.regulation of apoptotic process
75,SEMA6B,E1BIT8,E1BIT8_BOVIN,Semaphorin 6B,SEMA6B,Bos taurus (Bovine),Unreviewed,axon guidance.negative chemotaxis.negative regulation of axon extension involved in axon guidance.neural crest cell migration.positive regulation of cell migration.semaphorin-plexin signaling pathway
76,LRG1,F6RMV5,F6RMV5_BOVIN,Leucine rich alpha-2-glycoprotein 1,LRG1,Bos taurus (Bovine),Unreviewed,brown fat cell differentiation.positive regulation of angiogenesis.positive regulation of endothelial cell proliferation.positive regulation of transforming growth factor beta receptor signaling pathway.response to bacterium
77,PLIN5,A6QLL0,PLIN5_BOVIN,Perilipin-5,PLIN5,Bos taurus (Bovine),Reviewed,lipid droplet organization.lipid storage.mitochondrion localization.negative regulation of fatty acid beta-oxidation.negative regulation of lipase activity.negative regulation of peroxisome proliferator activated receptor signaling pathway.negative regulation of reactive oxygen species metabolic process.negative regulation of triglyceride catabolic process.positive regulation of fatty acid beta-oxidation.positive regulation of lipase activity.positive regulation of lipid storage.positive regulation of sequestering of triglyceride.positive regulation of triglyceride biosynthetic process
78,PLIN4,A0A3Q1MBG9,A0A3Q1MBG9_BOVIN,Perilipin 4,PLIN4,Bos taurus (Bovine),Unreviewed,NA
79,HDGFL2,F1MT65,F1MT65_BOVIN,PWWP domain-containing protein,HDGFL2,Bos taurus (Bovine),Unreviewed,positive regulation of cell growth.regulation of transcription by RNA polymerase II
80,UBXN6,Q2KIJ6,UBXN6_BOVIN,UBX domain-containing protein 6,UBXN6,Bos taurus (Bovine),Reviewed,endosome to lysosome transport via multivesicular body sorting pathway.ERAD pathway.macroautophagy
81,CHAF1A,A6QLA6,CAF1A_BOVIN,Chromatin assembly factor 1 subunit A,CHAF1A,Bos taurus (Bovine),Reviewed,cell cycle.chromatin assembly.DNA repair.DNA replication.nucleosome assembly
82,SH3GL1,Q2KJA1,SH3G1_BOVIN,Endophilin-A2,SH3GL1,Bos taurus (Bovine),Reviewed,synaptic vesicle uncoating
83,MPND,F1MYW5,F1MYW5_BOVIN,MPN domain containing,MPND,Bos taurus (Bovine),Unreviewed,chromatin remodeling.positive regulation of transcription by RNA polymerase II
84,STAP2,A0JNF9,A0JNF9_BOVIN,Signal transducing adaptor family member 1,STAP1,Bos taurus (Bovine),Unreviewed,"cellular response to lipopolysaccharide.negative regulation of macrophage chemotaxis.negative regulation of macrophage colony-stimulating factor signaling pathway.negative regulation of microglial cell migration.negative regulation of phosphorylation.negative regulation of ruffle assembly.positive regulation of actin cytoskeleton reorganization.positive regulation of B cell receptor signaling pathway.positive regulation of gene expression.positive regulation of microglial cell activation.positive regulation of microglial cell mediated cytotoxicity.positive regulation of non-membrane spanning protein tyrosine kinase activity.positive regulation of phagocytosis, engulfment"
85,FSD1,Q05B84,FSD1_BOVIN,Fibronectin type III and SPRY domain-containing protein 1,FSD1,Bos taurus (Bovine),Reviewed,cell cycle.cell division
86,TMIGD2,Q9MZL5,CACB2_BOVIN,Voltage-dependent L-type calcium channel subunit beta-2,CACNB2,Bos taurus (Bovine),Reviewed,chemical synaptic transmission.neuromuscular junction development.regulation of voltage-gated calcium channel activity
87,SHD,A0A4W2HT44,A0A4W2HT44_BOBOX,Uncharacterized protein,GIT1,Bos indicus x Bos taurus (Hybrid cattle),Unreviewed,brain development.cell redox homeostasis.cellular response to lipopolysaccharide.ephrin receptor signaling pathway.intramembranous ossification.locomotory behavior.motor learning.negative regulation of glycolytic process.negative regulation of inflammatory response to wounding.negative regulation of interleukin-1 beta production.neuron development.positive regulation of microtubule nucleation.presynaptic modulation of chemical synaptic transmission.regulation of cytokinesis.regulation of synaptic vesicle exocytosis
88,YJU2,Q17QL3,Q17QL3_BOVIN,Splicing factor YJU2,YJU2,Bos taurus (Bovine),Unreviewed,generation of catalytic spliceosome for first transesterification step.RNA splicing
89,EBI3,P54349,IL12A_BOVIN,Interleukin-12 subunit alpha,IL12A,Bos taurus (Bovine),Reviewed,interferon-gamma production.natural killer cell activation.positive regulation of activated T cell proliferation.positive regulation of interferon-gamma production.T-helper cell differentiation
90,SIRT6,A6QNQ6,CTIP_BOVIN,DNA endonuclease RBBP8,RBBP8,Bos taurus (Bovine),Reviewed,cell division.DNA double-strand break processing involved in repair via single-strand annealing.double-strand break repair via homologous recombination.meiotic cell cycle
91,CREB3L3,Q3SYZ3,CR3L3_BOVIN,Cyclic AMP-responsive element-binding protein 3-like protein 3,CREB3L3,Bos taurus (Bovine),Reviewed,endoplasmic reticulum unfolded protein response.positive regulation of transcription from RNA polymerase II promoter in response to endoplasmic reticulum stress.regulation of transcription by RNA polymerase II
92,MAP2K2,P46196,MK01_BOVIN,Mitogen-activated protein kinase 1,MAPK1,Bos taurus (Bovine),Reviewed,apoptotic process.B cell receptor signaling pathway.Bergmann glial cell differentiation.cardiac neural crest cell development involved in heart development.cell cycle.cell surface receptor signaling pathway.cellular response to amino acid starvation.cellular response to cadmium ion.cellular response to DNA damage stimulus.cellular response to dopamine.cellular response to granulocyte macrophage colony-stimulating factor stimulus.cellular response to reactive oxygen species.cellular response to tumor necrosis factor.cytosine metabolic process.ERBB signaling pathway.ERK1 and ERK2 cascade.face development.intracellular signal transduction.labyrinthine layer blood vessel development.lipopolysaccharide-mediated signaling pathway.long-term synaptic potentiation.lung morphogenesis.mammary gland epithelial cell proliferation.negative regulation of cell differentiation.outer ear morphogenesis.peptidyl-serine phosphorylation.peptidyl-threonine phosphorylation.positive regulation of gene expression.positive regulation of macrophage chemotaxis.positive regulation of macrophage proliferation.positive regulation of peptidyl-threonine phosphorylation.positive regulation of telomerase activity.positive regulation of telomere capping.positive regulation of telomere maintenance via telomerase.protein phosphorylation.regulation of cellular pH.regulation of gene expression.regulation of ossification.regulation of protein stability.response to epidermal growth factor.response to exogenous dsRNA.response to nicotine.stress-activated MAPK cascade.T cell receptor signaling pathway.thymus development.thyroid gland development.trachea formation
93,ZBTB7A,E1BIJ8,E1BIJ8_BOVIN,Zinc finger and BTB domain containing 7A,ZBTB7A,Bos taurus (Bovine),Unreviewed,"B cell differentiation.chromatin remodeling.double-strand break repair via classical nonhomologous end joining.erythrocyte maturation.fat cell differentiation.negative regulation of androgen receptor signaling pathway.negative regulation of Notch signaling pathway.negative regulation of transforming growth factor beta receptor signaling pathway.positive regulation of NF-kappaB transcription factor activity.protein localization to nucleus.regulation of alternative mRNA splicing, via spliceosome.regulation of apoptotic process.regulation of glycolytic process.regulation of transcription by RNA polymerase II.regulation of transcription regulatory region DNA binding.transcription, DNA-templated"
94,PIAS4,P56722,PTPRN_BOVIN,Receptor-type tyrosine-protein phosphatase-like N,PTPRN,Bos taurus (Bovine),Reviewed,dense core granule maturation.insulin secretion involved in cellular response to glucose stimulus.luteinization.peptidyl-tyrosine dephosphorylation.positive regulation of transcription by RNA polymerase II.positive regulation of type B pancreatic cell proliferation.response to reactive oxygen species
95,EEF2,Q3SYU2,EF2_BOVIN,Elongation factor 2,EEF2,Bos taurus (Bovine),Reviewed,translational elongation
96,DAPK3,Q8MIT6,ROCK1_BOVIN,Rho-associated protein kinase 1,ROCK1,Bos taurus (Bovine),Reviewed,actin cytoskeleton organization.actomyosin structure organization.cortical actin cytoskeleton organization.embryonic morphogenesis.glomerular visceral epithelial cell migration.mitotic cytokinesis.myoblast migration.negative regulation of phosphorylation.peptidyl-threonine phosphorylation.polar body extrusion after meiotic divisions.positive regulation of cell maturation.positive regulation of focal adhesion assembly.protein phosphorylation.regulation of actin cytoskeleton organization.regulation of cell junction assembly.regulation of cell migration.regulation of microtubule cytoskeleton organization.Rho protein signal transduction
97,NMRK2,P53712,ITB1_BOVIN,Integrin beta-1,ITGB1,Bos taurus (Bovine),Reviewed,cell adhesion mediated by integrin.cell-matrix adhesion.cell migration.cellular response to low-density lipoprotein particle stimulus.integrin-mediated signaling pathway.positive regulation of cell migration.positive regulation of protein localization to plasma membrane.receptor internalization.regulation of collagen catabolic process
98,ATCAY,Q5BIN5,PIN1_BOVIN,Peptidyl-prolyl cis-trans isomerase NIMA-interacting 1,PIN1,Bos taurus (Bovine),Reviewed,cell cycle.negative regulation of amyloid-beta formation.negative regulation of cell motility.negative regulation of ERK1 and ERK2 cascade.negative regulation of protein binding.negative regulation of protein catabolic process.negative regulation of transforming growth factor beta receptor signaling pathway.positive regulation of canonical Wnt signaling pathway.positive regulation of GTPase activity.positive regulation of protein binding.positive regulation of protein phosphorylation.positive regulation of transcription by RNA polymerase II.positive regulation of ubiquitin-protein transferase activity.protein peptidyl-prolyl isomerization.protein stabilization.regulation of cell population proliferation.regulation of cytokinesis.regulation of pathway-restricted SMAD protein phosphorylation.regulation of protein localization to nucleus.regulation of protein stability.response to hypoxia
99,ZFR2,A0A3Q1MC28,A0A3Q1MC28_BOVIN,Zinc finger RNA binding protein 2,ZFR2,Bos taurus (Bovine),Unreviewed,NA
100,MATK,P43481,KIT_BOVIN,Mast/stem cell growth factor receptor Kit,KIT,Bos taurus (Bovine),Reviewed,actin cytoskeleton reorganization.activation of MAPK activity.B cell differentiation.cell chemotaxis.cytokine-mediated signaling pathway.detection of mechanical stimulus involved in sensory perception of sound.digestive tract development.embryonic hemopoiesis.erythrocyte differentiation.erythropoietin-mediated signaling pathway.Fc receptor signaling pathway.hematopoietic progenitor cell differentiation.immature B cell differentiation.inflammatory response.Kit signaling pathway.lamellipodium assembly.mast cell degranulation.mast cell differentiation.megakaryocyte development.melanocyte adhesion.melanocyte differentiation.melanocyte migration.multicellular organism development.ovarian follicle development.peptidyl-tyrosine phosphorylation.pigmentation.positive regulation of cell migration.positive regulation of dendritic cell cytokine production.positive regulation of kinase activity.positive regulation of MAP kinase activity.positive regulation of mast cell cytokine production.positive regulation of receptor signaling pathway via JAK-STAT.regulation of cell shape.spermatogenesis.stem cell differentiation.T cell differentiation.transmembrane receptor protein tyrosine kinase signaling pathway
101,RAX2,Q7YRX0,RAX2_BOVIN,Retina and anterior neural fold homeobox protein 2,RAX2,Bos taurus (Bovine),Reviewed,regulation of transcription by RNA polymerase II.response to stimulus.visual perception
102,MRPL54,Q3MHJ5,RM54_BOVIN,"39S ribosomal protein L54, mitochondrial",MRPL54,Bos taurus (Bovine),Reviewed,NA
103,APBA3,Q3ZBV5,Q3ZBV5_BOVIN,"Amyloid beta (A4) protein-binding, family A, member 3",APBA3,Bos taurus (Bovine),Unreviewed,chemical synaptic transmission.in utero embryonic development.regulation of gene expression
104,TJP3,Q765N9,CLD3_BOVIN,Claudin-3,CLDN3,Bos taurus (Bovine),Reviewed,actin cytoskeleton reorganization.bicellular tight junction assembly.calcium-independent cell-cell adhesion via plasma membrane cell-adhesion molecules.cell adhesion.cell junction maintenance.epithelial cell morphogenesis.establishment of endothelial blood-brain barrier.negative regulation of cell migration.negative regulation of cell population proliferation.negative regulation of gene expression.negative regulation of wound healing.positive regulation of bicellular tight junction assembly.positive regulation of cell migration.positive regulation of gene expression.positive regulation of metallopeptidase activity.positive regulation of protein phosphorylation.positive regulation of wound healing.regulation of cell morphogenesis.regulation of membrane permeability.regulation of transepithelial transport.response to hypoxia
105,PIP5K1C,P08487,PLCG1_BOVIN,"1-phosphatidylinositol 4,5-bisphosphate phosphodiesterase gamma-1",PLCG1,Bos taurus (Bovine),Reviewed,cellular response to epidermal growth factor stimulus.cellular response to vascular endothelial growth factor stimulus.epidermal growth factor receptor signaling pathway.intracellular signal transduction.in utero embryonic development.phosphatidylinositol metabolic process.phospholipid catabolic process.positive regulation of epithelial cell migration
106,CACTIN,F1MB35,F1MB35_BOVIN,Cactin,CACTIN,Bos taurus (Bovine),Unreviewed,"cellular response to interleukin-1.cellular response to lipopolysaccharide.cellular response to tumor necrosis factor.mRNA cis splicing, via spliceosome.negative regulation of I-kappaB kinase/NF-kappaB signaling.negative regulation of innate immune response.negative regulation of interferon-beta production.negative regulation of interleukin-8 production.negative regulation of lipopolysaccharide-mediated signaling pathway.negative regulation of NF-kappaB transcription factor activity.negative regulation of protein phosphorylation.negative regulation of toll-like receptor signaling pathway.negative regulation of tumor necrosis factor production.negative regulation of type I interferon-mediated signaling pathway.regulation of gene expression"
107,TBXA2R,Q95125,TA2R_BOVIN,Thromboxane A2 receptor,TBXA2R,Bos taurus (Bovine),Reviewed,adenylate cyclase-activating G protein-coupled receptor signaling pathway.inflammatory response.negative regulation of cell migration involved in sprouting angiogenesis.positive regulation of blood pressure.positive regulation of cytosolic calcium ion concentration.positive regulation of smooth muscle contraction.positive regulation of vasoconstriction.response to lipopolysaccharide
108,GIPC3,A0A3Q1ME45,A0A3Q1ME45_BOVIN,PDZ domain-containing protein,GIPC3,Bos taurus (Bovine),Unreviewed,NA
109,HMG20B,Q32L68,HM20B_BOVIN,SWI/SNF-related matrix-associated actin-dependent regulator of chromatin subfamily E member 1-related,HMG20B,Bos taurus (Bovine),Reviewed,cell cycle.chromatin organization.regulation of gene expression
110,FZR1,Q2TA25,PLK1_BOVIN,Serine/threonine-protein kinase PLK1,PLK1,Bos taurus (Bovine),Reviewed,centrosome cycle.establishment of mitotic spindle orientation.establishment of protein localization.female meiosis chromosome segregation.G2/M transition of mitotic cell cycle.homologous chromosome segregation.microtubule bundle formation.mitotic cell cycle.mitotic cytokinesis.mitotic sister chromatid segregation.mitotic spindle assembly checkpoint.negative regulation of apoptotic process.negative regulation of cyclin-dependent protein serine/threonine kinase activity.negative regulation of transcription by RNA polymerase II.nuclear envelope disassembly.peptidyl-serine phosphorylation.positive regulation of peptidyl-threonine phosphorylation.positive regulation of proteasomal ubiquitin-dependent protein catabolic process.positive regulation of ubiquitin protein ligase activity.positive regulation of ubiquitin-protein transferase activity.protein destabilization.protein localization to chromatin.protein localization to nuclear envelope.protein phosphorylation.protein ubiquitination.regulation of cytokinesis.regulation of mitotic spindle assembly.regulation of protein binding.regulation of protein localization to cell cortex.signal transduction involved in G2 DNA damage checkpoint.synaptonemal complex disassembly
111,DOHH,Q0VC53,DOHH_BOVIN,Deoxyhypusine hydroxylase,DOHH,Bos taurus (Bovine),Reviewed,peptidyl-lysine modification to peptidyl-hypusine
112,SMIM24,E1BI71,E1BI71_BOVIN,Small integral membrane protein 24,SMIM24,Bos taurus (Bovine),Unreviewed,NA
113,NFIC,P48734,CDK1_BOVIN,Cyclin-dependent kinase 1,CDK1,Bos taurus (Bovine),Reviewed,apoptotic process.cell division.cell population proliferation.G2/M transition of mitotic cell cycle.Golgi disassembly.mitotic G2 DNA damage checkpoint.negative regulation of apoptotic process.peptidyl-serine phosphorylation.peptidyl-threonine phosphorylation.protein phosphorylation.regulation of circadian rhythm.rhythmic process
114,CELF5,A0A4W2G0D1,A0A4W2G0D1_BOBOX,Nicalin,NCLN,Bos indicus x Bos taurus (Hybrid cattle),Unreviewed,protein stabilization.regulation of protein complex stability.regulation of protein-containing complex assembly.regulation of signal transduction
115,NCLN,Q3T0N3,TMCO1_BOVIN,Calcium load-activated calcium channel,TMCO1,Bos taurus (Bovine),Reviewed,calcium ion transmembrane transport.cellular calcium ion homeostasis.endoplasmic reticulum calcium ion homeostasis.ER overload response
116,S1PR4,F1ME98,F1ME98_BOVIN,Sphingosine-1-phosphate receptor 4,S1PR4,Bos taurus (Bovine),Unreviewed,adenylate cyclase-activating G protein-coupled receptor signaling pathway.regulation of metabolic process
117,GNA15,P79350,OPRM_BOVIN,Mu-type opioid receptor,OPRM1,Bos taurus (Bovine),Reviewed,adenylate cyclase-inhibiting G protein-coupled acetylcholine receptor signaling pathway.negative regulation of cAMP-mediated signaling.negative regulation of cytosolic calcium ion concentration.negative regulation of nitric oxide biosynthetic process.negative regulation of Wnt protein secretion.opioid receptor signaling pathway.phospholipase C-activating G protein-coupled receptor signaling pathway.positive regulation of ERK1 and ERK2 cascade.positive regulation of neurogenesis.regulation of NMDA receptor activity.sensory perception of pain
118,GNA11,P38409,GNA11_BOVIN,Guanine nucleotide-binding protein subunit alpha-11,GNA11,Bos taurus (Bovine),Reviewed,"action potential.adenylate cyclase-modulating G protein-coupled receptor signaling pathway.entrainment of circadian clock.G protein-coupled acetylcholine receptor signaling pathway.phospholipase C-activating dopamine receptor signaling pathway.phototransduction, visible light"
119,AES,Q3SYY6,Q3SYY6_BOVIN,AES protein,AES,Bos taurus (Bovine),Unreviewed,"regulation of transcription, DNA-templated.Wnt signaling pathway"
120,TLE2,Q3ZBG4,HES1_BOVIN,Transcription factor HES-1,HES1,Bos taurus (Bovine),Reviewed,"adenohypophysis development.anterior/posterior pattern specification.ascending aorta morphogenesis.cardiac neural crest cell development involved in outflow tract morphogenesis.cell adhesion.cell maturation.cell migration.cell morphogenesis involved in neuron differentiation.cochlea development.comma-shaped body morphogenesis.common bile duct development.embryonic heart tube morphogenesis.establishment of epithelial cell polarity.forebrain radial glial cell differentiation.glomerulus vasculature development.hindbrain morphogenesis.inner ear receptor cell stereocilium organization.labyrinthine layer blood vessel development.lateral inhibition.liver development.lung development.metanephric nephron tubule morphogenesis.midbrain development.midbrain-hindbrain boundary morphogenesis.negative regulation of cell fate determination.negative regulation of DNA-binding transcription factor activity.negative regulation of forebrain neuron differentiation.negative regulation of glial cell proliferation.negative regulation of inner ear auditory receptor cell differentiation.negative regulation of neuron differentiation.negative regulation of oligodendrocyte differentiation.negative regulation of pancreatic A cell differentiation.negative regulation of pro-B cell differentiation.negative regulation of stem cell differentiation.negative regulation of stomach neuroendocrine cell differentiation.negative regulation of transcription, DNA-templated.negative regulation of transcription by RNA polymerase II.neuronal stem cell population maintenance.Notch signaling pathway.oculomotor nerve development.pancreas development.pharyngeal arch artery morphogenesis.positive regulation of astrocyte differentiation.positive regulation of BMP signaling pathway.positive regulation of DNA binding.positive regulation of mitotic cell cycle, embryonic.positive regulation of Notch signaling pathway.positive regulation of receptor signaling pathway via JAK-STAT.positive regulation of T cell proliferation.positive regulation of transcription by RNA polymerase II.positive regulation of tyrosine phosphorylation of STAT protein.protein-containing complex assembly.regulation of epithelial cell proliferation.regulation of fat cell differentiation.regulation of neurogenesis.regulation of receptor signaling pathway via JAK-STAT.regulation of secondary heart field cardioblast proliferation.regulation of timing of neuron differentiation.regulation of transcription by RNA polymerase II.renal interstitial fibroblast development.smoothened signaling pathway.somatic stem cell population maintenance.S-shaped body morphogenesis.telencephalon development.thymus development.trochlear nerve development.ureteric bud morphogenesis.vascular associated smooth muscle cell development.ventricular septum morphogenesis"
121,TLE6,Q647I9,NALP5_BOVIN,"NACHT, LRR and PYD domains-containing protein 5",NLRP5,Bos taurus (Bovine),Reviewed,actin filament organization.establishment of spindle localization.regulation of cell division
122,ZNF555,F1N143,F1N143_BOVIN,Zinc finger protein 555,ZNF555,Bos taurus (Bovine),Unreviewed,negative regulation of transcription by RNA polymerase II.regulation of transcription by RNA polymerase II
123,ZNF554,A6QNX1,A6QNX1_BOVIN,ZNF554 protein,ZNF554,Bos taurus (Bovine),Unreviewed,negative regulation of transcription by RNA polymerase II.regulation of transcription by RNA polymerase II
124,THOP1,Q1JPJ8,THOP1_BOVIN,Thimet oligopeptidase,THOP1,Bos taurus (Bovine),Reviewed,peptide metabolic process.proteolysis
125,SGTA,Q76LV2,HS90A_BOVIN,Heat shock protein HSP 90-alpha,HSP90AA1,Bos taurus (Bovine),Reviewed,activation of innate immune response.cellular response to heat.cellular response to virus.positive regulation of defense response to virus by host.positive regulation of interferon-beta production.positive regulation of nitric oxide biosynthetic process.protein folding.protein stabilization.regulation of apoptotic process.response to antibiotic.response to cold.response to heat
126,SLC39A3,Q5E960,S39A3_BOVIN,Zinc transporter ZIP3,SLC39A3,Bos taurus (Bovine),Reviewed,zinc ion transmembrane transport
127,DIRAS1,G5E6L2,G5E6L2_BOVIN,DIRAS family GTPase 1,DIRAS1,Bos taurus (Bovine),Unreviewed,signal transduction
128,FBXL21,Q3ZBA7,FXL21_BOVIN,F-box/LRR-repeat protein 21,FBXL21,Bos taurus (Bovine),Reviewed,entrainment of circadian clock by photoperiod.G2/M transition of mitotic cell cycle.protein ubiquitination.regulation of cell cycle.rhythmic process.SCF-dependent proteasomal ubiquitin-dependent protein catabolic process
129,LECT2,O62644,LECT2_BOVIN,Leukocyte cell-derived chemotaxin-2,LECT2,Bos taurus (Bovine),Reviewed,chemotaxis
130,TGFBI,P55906,BGH3_BOVIN,Transforming growth factor-beta-induced protein ig-h3,TGFBI,Bos taurus (Bovine),Reviewed,angiogenesis.cell adhesion.cell population proliferation.extracellular matrix organization
131,SMAD5,A0A3Q1M3K3,A0A3Q1M3K3_BOVIN,Mothers against decapentaplegic homolog,SMAD5,Bos taurus (Bovine),Unreviewed,anatomical structure morphogenesis.BMP signaling pathway.bone development.cardiac muscle contraction.cartilage development.cell differentiation.cellular response to organic cyclic compound.erythrocyte differentiation.germ cell development.osteoblast fate commitment.positive regulation of osteoblast differentiation.positive regulation of transcription from RNA polymerase II promoter involved in cellular response to chemical stimulus.protein phosphorylation.SMAD protein signal transduction.transforming growth factor beta receptor signaling pathway.ureteric bud development
132,SMIM32,A0A4W2DH22,A0A4W2DH22_BOBOX,Uncharacterized protein,SMIM32,Bos indicus x Bos taurus (Hybrid cattle),Unreviewed,NA
133,TRPC7,P79135,MX1_BOVIN,Interferon-induced GTP-binding protein Mx1,MX1,Bos taurus (Bovine),Reviewed,defense response to virus.dynamin family protein polymerization involved in mitochondrial fission.innate immune response.membrane fusion.mitochondrial fission.negative regulation of viral genome replication.postsynaptic neurotransmitter receptor internalization.receptor internalization.regulation of synapse structure or activity.response to type III interferon.response to type I interferon.response to virus.synaptic vesicle budding from presynaptic endocytic zone membrane
134,SPOCK1,Q17QR9,Q17QR9_BOVIN,"Sparc/osteonectin, cwcv and kazal-like domains proteoglycan (Testican) 1",SPOCK1,Bos taurus (Bovine),Unreviewed,central nervous system neuron differentiation.establishment of protein localization to extracellular region.negative regulation of cell-substrate adhesion.negative regulation of endopeptidase activity.negative regulation of neuron projection development.neurogenesis.neuron migration
135,KLHL3,F1MBP6,KLHL3_BOVIN,Kelch-like protein 3,KLHL3,Bos taurus (Bovine),Reviewed,distal tubule morphogenesis.ion homeostasis.protein K48-linked ubiquitination.protein ubiquitination.renal sodium ion absorption.ubiquitin-dependent protein catabolic process
136,MIR874,NA,NA,NA,NA,NA,NA,NA
137,TRNAR-ACG,NA,NA,NA,NA,NA,NA,NA
138,HNRNPA0,F6RSR1,F6RSR1_BOVIN,Heterogeneous nuclear ribonucleoprotein A0,HNRNPA0,Bos taurus (Bovine),Unreviewed,NA
139,MYOT,Q8SQ24,MYOZ1_BOVIN,Myozenin-1,MYOZ1,Bos taurus (Bovine),Reviewed,NA
140,PKD2L2,Q2TBW4,Q2TBW4_BOVIN,Polycystic kidney disease 2-like 2,PKD2L2,Bos taurus (Bovine),Unreviewed,detection of mechanical stimulus
141,FAM13B,A0A4W2HK79,A0A4W2HK79_BOBOX,Rho-GAP domain-containing protein,FAM13B,Bos indicus x Bos taurus (Hybrid cattle),Unreviewed,signal transduction
142,TRNAG-UCC,NA,NA,NA,NA,NA,NA,NA
143,WNT8A,E1BKL2,E1BKL2_BOVIN,Protein Wnt,WNT8A,Bos taurus (Bovine),Unreviewed,canonical Wnt signaling pathway.cell fate commitment.cell morphogenesis.endoderm development.establishment of animal organ orientation.neuron differentiation.polarity specification of anterior/posterior axis.polarity specification of proximal/distal axis.regulation of protein localization
144,NME5,E1BDQ6,E1BDQ6_BOVIN,NME/NM23 family member 5,NME5,Bos taurus (Bovine),Unreviewed,cilium assembly.CTP biosynthetic process.epithelial cilium movement involved in extracellular fluid movement.GTP biosynthetic process.negative regulation of oxidative stress-induced intrinsic apoptotic signaling pathway.spermatid development.UTP biosynthetic process.ventricular system development
145,BRD8,Q2TBU9,RUVB2_BOVIN,RuvB-like 2,RUVBL2,Bos taurus (Bovine),Reviewed,box C/D snoRNP assembly.chromatin remodeling.DNA recombination.DNA repair.histone acetylation.histone H2A acetylation.histone H4 acetylation.regulation of transcription by RNA polymerase II
146,KIF20A,Q29RT6,KI20A_BOVIN,Kinesin-like protein KIF20A,KIF20A,Bos taurus (Bovine),Reviewed,microtubule-based movement.microtubule bundle formation.midbody abscission.mitotic cytokinesis.protein transport.regulation of cytokinesis
147,CDC23,A1A4R8,CDC23_BOVIN,Cell division cycle protein 23 homolog,CDC23,Bos taurus (Bovine),Reviewed,anaphase-promoting complex-dependent catabolic process.cell division.metaphase/anaphase transition of mitotic cell cycle.mitotic metaphase plate congression.positive regulation of mitotic metaphase/anaphase transition.protein K11-linked ubiquitination.protein ubiquitination
148,GFRA3,A4IFA9,A4IFA9_BOVIN,GDNF family receptor alpha 3,GFRA3,Bos taurus (Bovine),Unreviewed,nervous system development.neuron migration.sympathetic nervous system development
149,TRNAE-UUC,NA,NA,NA,NA,NA,NA,NA
150,CDC25C,A5D7P0,MPIP3_BOVIN,M-phase inducer phosphatase 3,CDC25C,Bos taurus (Bovine),Reviewed,cell division.G2/M transition of mitotic cell cycle.positive regulation of G2/MI transition of meiotic cell cycle.positive regulation of G2/M transition of mitotic cell cycle
151,SLBP2,F1LKN1,F1LKN1_BOVIN,Stem loop binding protein 2,SLBP2,Bos taurus (Bovine),Unreviewed,mRNA 3'-end processing by stem-loop binding and cleavage.mRNA transport
152,FAM53C,Q29RM2,FA53C_BOVIN,Protein FAM53C,FAM53C,Bos taurus (Bovine),Reviewed,protein import into nucleus
153,MIR2459,NA,NA,NA,NA,NA,NA,NA
154,KDM3B,E1BE97,E1BE97_BOVIN,Lysine demethylase 3B,KDM3B,Bos taurus (Bovine),Unreviewed,histone H3-K9 demethylation.regulation of transcription by RNA polymerase II
155,REEP2,Q2KI30,REEP2_BOVIN,Receptor expression-enhancing protein 2,REEP2,Bos taurus (Bovine),Reviewed,endoplasmic reticulum tubular network organization
156,EGR1,Q29W20,EGR1_BOVIN,Early growth response protein 1,EGR1,Bos taurus (Bovine),Reviewed,"cellular response to heparin.cellular response to interleukin-8.cellular response to mycophenolic acid.circadian regulation of gene expression.circadian temperature homeostasis.estrous cycle.glomerular mesangial cell proliferation.locomotor rhythm.positive regulation of chemokine production.positive regulation of glomerular metanephric mesangial cell proliferation.positive regulation of hormone biosynthetic process.positive regulation of interleukin-1 beta production.positive regulation of transcription, DNA-templated.positive regulation of transcription by RNA polymerase II.regulation of progesterone biosynthetic process.regulation of transcription by RNA polymerase II.response to hypoxia.response to ischemia"
157,ETF1,Q0VCX5,ERF1_BOVIN,Eukaryotic peptide chain release factor subunit 1,ETF1,Bos taurus (Bovine),Reviewed,"cytoplasmic translational termination.nuclear-transcribed mRNA catabolic process, nonsense-mediated decay.protein methylation.regulation of translational termination"
158,HSPA9,Q3ZCH0,GRP75_BOVIN,"Stress-70 protein, mitochondrial",HSPA9,Bos taurus (Bovine),Reviewed,cellular response to unfolded protein.chaperone cofactor-dependent protein refolding.erythrocyte differentiation.iron-sulfur cluster assembly.negative regulation of erythrocyte differentiation.negative regulation of hematopoietic stem cell differentiation.negative regulation of hemopoiesis.protein export from nucleus.protein refolding.regulation of erythrocyte differentiation
159,CTNNA1,A0A3Q1M9M0,A0A3Q1M9M0_BOVIN,Catenin alpha-1,CTNNA1,Bos taurus (Bovine),Unreviewed,actin filament organization.apical junction assembly.cellular protein localization.cellular response to indole-3-methanol.epithelial cell-cell adhesion.establishment or maintenance of cell polarity.negative regulation of cell motility.negative regulation of extrinsic apoptotic signaling pathway in absence of ligand.negative regulation of integrin-mediated signaling pathway.negative regulation of neuroblast proliferation.negative regulation of protein localization to nucleus.positive regulation of extrinsic apoptotic signaling pathway in absence of ligand.positive regulation of smoothened signaling pathway
160,UBE2D2,Q1RMX2,UB2D2_BOVIN,Ubiquitin-conjugating enzyme E2 D2,UBE2D2,Bos taurus (Bovine),Reviewed,protein autoubiquitination.protein K11-linked ubiquitination.protein K48-linked ubiquitination.protein polyubiquitination
161,CXXC5,Q32LB3,CXXC5_BOVIN,CXXC-type zinc finger protein 5,CXXC5,Bos taurus (Bovine),Reviewed,negative regulation of transcription by RNA polymerase II
162,PSD2,P56701,PSMD2_BOVIN,26S proteasome non-ATPase regulatory subunit 2,PSMD2,Bos taurus (Bovine),Reviewed,proteasome-mediated ubiquitin-dependent protein catabolic process.regulation of protein catabolic process
163,NRG2,G3N104,G3N104_BOVIN,Neuregulin 2,NRG2,Bos taurus (Bovine),Unreviewed,animal organ development.intracellular signal transduction.nervous system development
164,PURA,A7MBG0,PURA2_BOVIN,Adenylosuccinate synthetase isozyme 2,ADSS2,Bos taurus (Bovine),Reviewed,'de novo' AMP biosynthetic process.IMP metabolic process
165,IGIP,P0C7I2,IGIP_BOVIN,IgA-inducing protein,IGIP,Bos taurus (Bovine),Reviewed,NA
166,CYSTM1,Q32LK2,CYTM1_BOVIN,Cysteine-rich and transmembrane domain-containing protein 1,CYSTM1,Bos taurus (Bovine),Reviewed,NA
167,PFDN1,Q3SZE2,PFD1_BOVIN,Prefoldin subunit 1,PFDN1,Bos taurus (Bovine),Reviewed,negative regulation of amyloid fibril formation
168,HBEGF,Q3Y5Z3,ADIPO_BOVIN,Adiponectin,ADIPOQ,Bos taurus (Bovine),Reviewed,"brown fat cell differentiation.cellular response to drug.cellular response to insulin stimulus.detection of oxidative stress.fatty acid beta-oxidation.fatty acid oxidation.glucose homeostasis.glucose metabolic process.low-density lipoprotein particle clearance.negative regulation of blood pressure.negative regulation of cell migration.negative regulation of DNA biosynthetic process.negative regulation of ERK1 and ERK2 cascade.negative regulation of fat cell differentiation.negative regulation of gluconeogenesis.negative regulation of granulocyte differentiation.negative regulation of heterotypic cell-cell adhesion.negative regulation of I-kappaB kinase/NF-kappaB signaling.negative regulation of inflammatory response.negative regulation of intracellular protein transport.negative regulation of macrophage derived foam cell differentiation.negative regulation of macrophage differentiation.negative regulation of MAP kinase activity.negative regulation of metanephric mesenchymal cell migration.negative regulation of phagocytosis.negative regulation of platelet-derived growth factor receptor-alpha signaling pathway.negative regulation of platelet-derived growth factor receptor signaling pathway.negative regulation of protein autophosphorylation.negative regulation of receptor binding.negative regulation of synaptic transmission.negative regulation of transcription, DNA-templated.negative regulation of tumor necrosis factor-mediated signaling pathway.negative regulation of tumor necrosis factor production.negative regulation of vascular associated smooth muscle cell migration.negative regulation of vascular associated smooth muscle cell proliferation.positive regulation of cAMP-dependent protein kinase activity.positive regulation of cholesterol efflux.positive regulation of fatty acid metabolic process.positive regulation of glucose import.positive regulation of glycogen (starch) synthase activity.positive regulation of I-kappaB kinase/NF-kappaB signaling.positive regulation of interleukin-8 production.positive regulation of lipid transporter activity.positive regulation of metanephric glomerular visceral epithelial cell development.positive regulation of monocyte chemotactic protein-1 production.positive regulation of myeloid cell apoptotic process.positive regulation of protein kinase A signaling.positive regulation of protein phosphorylation.positive regulation of renal albumin absorption.positive regulation of signal transduction.protein localization to plasma membrane.regulation of glucose metabolic process.response to glucose.response to tumor necrosis factor"
169,SLC4A9,E1BIN2,E1BIN2_BOVIN,Anion exchange protein,SLC4A9,Bos taurus (Bovine),Unreviewed,bicarbonate transport.ion homeostasis.regulation of intracellular pH.transmembrane transport
170,TRNAE-CUC,NA,NA,NA,NA,NA,NA,NA
171,ANKHD1,Q6E804,NOD2_BOVIN,Nucleotide-binding oligomerization domain-containing protein 2,NOD2,Bos taurus (Bovine),Reviewed,activation of immune response.cellular response to lipopolysaccharide.cellular response to muramyl dipeptide.cellular response to peptidoglycan.defense response to bacterium.defense response to Gram-positive bacterium.detection of bacterium.detection of muramyl dipeptide.innate immune response.innate immune response in mucosa.intracellular signal transduction.maintenance of gastrointestinal epithelium.negative regulation of inflammatory response to antigenic stimulus.negative regulation of interferon-gamma production.negative regulation of interleukin-12 production.negative regulation of interleukin-18 production.negative regulation of interleukin-2 production.negative regulation of macrophage apoptotic process.negative regulation of NF-kappaB transcription factor activity.negative regulation of T cell mediated immunity.negative regulation of toll-like receptor 2 signaling pathway.negative regulation of tumor necrosis factor production.nucleotide-binding oligomerization domain containing 2 signaling pathway.positive regulation of B cell activation.positive regulation of biosynthetic process of antibacterial peptides active against Gram-positive bacteria.positive regulation of cytokine production involved in immune response.positive regulation of cytokine production involved in inflammatory response.positive regulation of dendritic cell antigen processing and presentation.positive regulation of epithelial cell proliferation.positive regulation of ERK1 and ERK2 cascade.positive regulation of gamma-delta T cell activation.positive regulation of humoral immune response mediated by circulating immunoglobulin.positive regulation of I-kappaB kinase/NF-kappaB signaling.positive regulation of innate immune response.positive regulation of interleukin-10 production.positive regulation of interleukin-12 production.positive regulation of interleukin-17 production.positive regulation of interleukin-1 beta production.positive regulation of interleukin-6 production.positive regulation of interleukin-8 production.positive regulation of JNK cascade.positive regulation of MAP kinase activity.positive regulation of monocyte chemotactic protein-1 production.positive regulation of NF-kappaB transcription factor activity.positive regulation of NIK/NF-kappaB signaling.positive regulation of nitric-oxide synthase biosynthetic process.positive regulation of Notch signaling pathway.positive regulation of peptidyl-tyrosine phosphorylation.positive regulation of phagocytosis.positive regulation of phosphatidylinositol 3-kinase activity.positive regulation of prostaglandin-endoperoxide synthase activity.positive regulation of prostaglandin-E synthase activity.positive regulation of protein K63-linked ubiquitination.positive regulation of transcription by RNA polymerase II.positive regulation of tumor necrosis factor production.positive regulation of type 2 immune response.positive regulation of xenophagy.regulation of neutrophil chemotaxis.response to exogenous dsRNA.response to muramyl dipeptide
172,EIF4EBP3,Q9N0T5,IF4E_BOVIN,Eukaryotic translation initiation factor 4E,EIF4E,Bos taurus (Bovine),Reviewed,regulation of translation
173,SRA1,P85091,CYFP1_BOVIN,Cytoplasmic FMR1-interacting protein 1,CYFIP1,Bos taurus (Bovine),Reviewed,axon extension.lamellipodium assembly.regulation of cell shape.ruffle organization
174,APBB3,F1N3C4,F1N3C4_BOVIN,Amyloid beta precursor protein binding family B member 3,APBB3,Bos taurus (Bovine),Unreviewed,"positive regulation of protein secretion.regulation of transcription, DNA-templated"
175,SLC35A4,Q05B73,S35A4_BOVIN,Probable UDP-sugar transporter protein SLC35A4,SLC35A4,Bos taurus (Bovine),Reviewed,carbohydrate transport
176,CD14,Q95122,CD14_BOVIN,Monocyte differentiation antigen CD14,CD14,Bos taurus (Bovine),Reviewed,cellular response to diacyl bacterial lipopeptide.cellular response to lipopolysaccharide.cellular response to triacyl bacterial lipopeptide.inflammatory response.innate immune response.lipopolysaccharide-mediated signaling pathway.positive regulation of interferon-gamma production.positive regulation of NIK/NF-kappaB signaling.positive regulation of tumor necrosis factor production.positive regulation of type I interferon production.response to bacterium.toll-like receptor 4 signaling pathway
177,TMCO6,F1N358,F1N358_BOVIN,Transmembrane and coiled-coil domains 6,TMCO6,Bos taurus (Bovine),Unreviewed,NA
178,NDUFA2,Q02370,NDUA2_BOVIN,NADH dehydrogenase [ubiquinone] 1 alpha subcomplex subunit 2,NDUFA2,Bos taurus (Bovine),Reviewed,mitochondrial respiratory chain complex I assembly
179,IK,O18965,KCNH1_BOVIN,Potassium voltage-gated channel subfamily H member 1,KCNH1,Bos taurus (Bovine),Reviewed,cellular response to calcium ion.phosphatidylinositol-mediated signaling.potassium ion transmembrane transport.regulation of cell population proliferation.regulation of ion transmembrane transport.regulation of membrane potential
180,WDR55,Q58DT8,WDR55_BOVIN,WD repeat-containing protein 55,WDR55,Bos taurus (Bovine),Reviewed,rRNA processing
181,DND1,E1BIG5,E1BIG5_BOVIN,DND microRNA-mediated repression inhibitor 1,DND1,Bos taurus (Bovine),Unreviewed,3'-UTR-mediated mRNA destabilization.germ cell development.mRNA stabilization.negative regulation of gene silencing by miRNA
182,HARS,Q2KI84,HARS1_BOVIN,"Histidine--tRNA ligase, cytoplasmic",HARS1,Bos taurus (Bovine),Reviewed,histidyl-tRNA aminoacylation.mitochondrial translation
183,HARS2,Q2T9V8,DTD1_BOVIN,D-aminoacyl-tRNA deacylase 1,DTD1,Bos taurus (Bovine),Reviewed,DNA replication.tRNA metabolic process
184,ZMAT2,Q0P5I6,PR38A_BOVIN,Pre-mRNA-splicing factor 38A,PRPF38A,Bos taurus (Bovine),Reviewed,"mRNA splicing, via spliceosome"
185,PCDHA13,A6QNT5,A6QNT5_BOVIN,PCDHA13 protein,PCDHA13,Bos taurus (Bovine),Unreviewed,homophilic cell adhesion via plasma membrane adhesion molecules.nervous system development
186,PCDHA3,F1MKC3,F1MKC3_BOVIN,Uncharacterized protein,PCDHA3,Bos taurus (Bovine),Unreviewed,cell adhesion.homophilic cell adhesion via plasma membrane adhesion molecules
187,PCDHB1,F1MLJ1,F1MLJ1_BOVIN,Uncharacterized protein,PCDHB1,Bos taurus (Bovine),Unreviewed,cell adhesion.homophilic cell adhesion via plasma membrane adhesion molecules
188,PCDHB8,NA,NA,NA,NA,NA,NA,NA
189,PCDHB14,A0A4W2FZ47,A0A4W2FZ47_BOBOX,Uncharacterized protein,PCDHB14,Bos indicus x Bos taurus (Hybrid cattle),Unreviewed,homophilic cell adhesion via plasma membrane adhesion molecules
190,PCDHB11,NA,NA,NA,NA,NA,NA,NA
191,SLC25A2,A0A3Q1N1S4,A0A3Q1N1S4_BOVIN,Uncharacterized protein,SLC25A2,Bos taurus (Bovine),Unreviewed,mitochondrial L-ornithine transmembrane transport
192,TAF7,A0A4W2G3J2,A0A4W2G3J2_BOBOX,TAFII55_N domain-containing protein,TAF7,Bos indicus x Bos taurus (Hybrid cattle),Unreviewed,intracellular estrogen receptor signaling pathway.negative regulation of histone H4 acetylation.negative regulation of MHC class I biosynthetic process.negative regulation of MHC class II biosynthetic process.negative regulation of protein kinase activity.negative regulation of transcription by RNA polymerase II.positive regulation of transcription by RNA polymerase II.transcription initiation from RNA polymerase II promoter
193,PCDHGA2,A0A4W2DXV0,A0A4W2DXV0_BOBOX,Uncharacterized protein,LOC113895237,Bos indicus x Bos taurus (Hybrid cattle),Unreviewed,homophilic cell adhesion via plasma membrane adhesion molecules
194,PCDHGB4,A6QNV3,A6QNV3_BOVIN,PCDHGB4 protein,PCDHGB4,Bos taurus (Bovine),Unreviewed,homophilic cell adhesion via plasma membrane adhesion molecules
195,PCDHGA8,A5PKJ8,A5PKJ8_BOVIN,PCDHGA8 protein,PCDHGA8,Bos taurus (Bovine),Unreviewed,homophilic cell adhesion via plasma membrane adhesion molecules
196,PCDHGC3,A5D7F4,A5D7F4_BOVIN,PCDHGC3 protein,PCDHGC3,Bos taurus (Bovine),Unreviewed,cell adhesion.homophilic cell adhesion via plasma membrane adhesion molecules
197,DIAPH1,P61585,RHOA_BOVIN,Transforming protein RhoA,RHOA,Bos taurus (Bovine),Reviewed,"actin cytoskeleton reorganization.actin filament organization.alpha-beta T cell lineage commitment.androgen receptor signaling pathway.angiotensin-mediated vasoconstriction involved in regulation of systemic arterial blood pressure.apical junction assembly.beta selection.cell junction assembly.cell-matrix adhesion.cell migration.cellular response to chemokine.cerebral cortex cell migration.cleavage furrow formation.cortical cytoskeleton organization.cytoplasmic microtubule organization.establishment of epithelial cell apical/basal polarity.establishment or maintenance of cell polarity.forebrain radial glial cell differentiation.mitotic cleavage furrow formation.negative regulation of cell-substrate adhesion.negative regulation of intracellular steroid hormone receptor signaling pathway.negative regulation of neuron apoptotic process.negative regulation of oxidative phosphorylation.negative regulation of reactive oxygen species biosynthetic process.odontogenesis.ossification involved in bone maturation.positive regulation of alpha-beta T cell differentiation.positive regulation of cytokinesis.positive regulation of I-kappaB kinase/NF-kappaB signaling.positive regulation of podosome assembly.positive regulation of protein serine/threonine kinase activity.positive regulation of T cell migration.positive regulation of vascular associated smooth muscle contraction.regulation of actin cytoskeleton organization.regulation of cell migration.regulation of cell shape.regulation of microtubule cytoskeleton organization.regulation of neural precursor cell proliferation.regulation of neuron projection development.regulation of osteoblast proliferation.regulation of systemic arterial blood pressure by endothelin.regulation of transcription by RNA polymerase II.Rho protein signal transduction.Roundabout signaling pathway.skeletal muscle satellite cell migration.skeletal muscle tissue development.stress fiber assembly.substrate adhesion-dependent cell spreading.trabecula morphogenesis.wound healing, spreading of cells"
198,HDAC3,F1N0W0,F1N0W0_BOVIN,Histone deacetylase 3,HDAC3,Bos taurus (Bovine),Unreviewed,cellular response to fluid shear stress.histone H3 deacetylation.histone H4 deacetylation.negative regulation of JNK cascade.negative regulation of transcription by RNA polymerase II.positive regulation of protein import into nucleus.positive regulation of protein phosphorylation.positive regulation of TOR signaling.positive regulation of transcription by RNA polymerase II.regulation of protein stability.spindle assembly
199,RELL2,Q2KI80,RELL2_BOVIN,RELT-like protein 2,RELL2,Bos taurus (Bovine),Reviewed,positive regulation of cell-substrate adhesion.positive regulation of p38MAPK cascade
200,FCHSD1,Q95107,WASL_BOVIN,Neural Wiskott-Aldrich syndrome protein,WASL,Bos taurus (Bovine),Reviewed,actin filament-based movement.actin filament polymerization.cell division.cellular protein-containing complex localization.dendritic spine morphogenesis.negative regulation of lymphocyte migration.negative regulation of membrane tubulation.positive regulation of Arp2/3 complex-mediated actin nucleation.positive regulation of transcription by RNA polymerase II.regulation of protein localization.response to bacterium.spindle localization
201,ARAP3,E1BBA0,E1BBA0_BOVIN,"ArfGAP with RhoGAP domain, ankyrin repeat and PH domain 3",ARAP3,Bos taurus (Bovine),Unreviewed,signal transduction
202,PCDH1,A0A3Q1M024,A0A3Q1M024_BOVIN,Protocadherin 1,PCDH1,Bos taurus (Bovine),Unreviewed,cell adhesion.homophilic cell adhesion via plasma membrane adhesion molecules
203,TRNAC-GCA,NA,NA,NA,NA,NA,NA,NA
204,KIAA0141,Q0VD37,Q0VD37_BOVIN,KIAA0141 protein,KIAA0141,Bos taurus (Bovine),Unreviewed,NA
205,PCDH12,F1N0X0,F1N0X0_BOVIN,Protocadherin 12,PCDH12,Bos taurus (Bovine),Unreviewed,calcium-dependent cell-cell adhesion via plasma membrane cell adhesion molecules.cell adhesion.glycogen metabolic process.homophilic cell adhesion via plasma membrane adhesion molecules.labyrinthine layer development
206,RNF14,A2VDU5,A2VDU5_BOVIN,RBR-type E3 ubiquitin transferase,RNF14,Bos taurus (Bovine),Unreviewed,"positive regulation of proteasomal ubiquitin-dependent protein catabolic process.positive regulation of transcription, DNA-templated.protein polyubiquitination.regulation of androgen receptor signaling pathway.ubiquitin-dependent protein catabolic process"
207,GNPDA1,A4FV08,GNPI1_BOVIN,Glucosamine-6-phosphate isomerase 1,GNPDA1,Bos taurus (Bovine),Reviewed,carbohydrate metabolic process.glucosamine catabolic process.N-acetylglucosamine catabolic process.N-acetylneuraminate catabolic process.UDP-N-acetylglucosamine biosynthetic process
208,FAM172A,Q6QME8,AGO2_BOVIN,Protein argonaute-2,AGO2,Bos taurus (Bovine),Reviewed,"miRNA mediated inhibition of translation.mRNA cleavage involved in gene silencing by miRNA.negative regulation of translational initiation.pre-miRNA processing.regulation of transcription, DNA-templated"
209,KIAA0825,A0A4W2IQT1,A0A4W2IQT1_BOBOX,Uncharacterized protein,KIAA0825,Bos indicus x Bos taurus (Hybrid cattle),Unreviewed,NA
210,SLF1,A6QR20,SLF1_BOVIN,SMC5-SMC6 complex localization factor protein 1,SLF1,Bos taurus (Bovine),Reviewed,cellular response to DNA damage stimulus.DNA repair.positive regulation of double-strand break repair.positive regulation of maintenance of mitotic sister chromatid cohesion.positive regulation of protein-containing complex assembly.protein localization to site of double-strand break
211,MCTP1,A0A4W2IPV5,A0A4W2IPV5_BOBOX,Uncharacterized protein,MCTP1,Bos indicus x Bos taurus (Hybrid cattle),Unreviewed,NA
212,FAM81B,Q0II90,FA81B_BOVIN,Protein FAM81B,FAM81B,Bos taurus (Bovine),Reviewed,NA
213,TTC37,Q2KJ14,PAF1_BOVIN,RNA polymerase II-associated factor 1 homolog,PAF1,Bos taurus (Bovine),Reviewed,cellular response to lipopolysaccharide.endodermal cell fate commitment.histone H2B ubiquitination.histone monoubiquitination.mRNA polyadenylation.negative regulation of myeloid cell differentiation.negative regulation of transcription by RNA polymerase II.nucleosome positioning.positive regulation of cell cycle G1/S phase transition.positive regulation of histone methylation.positive regulation of mRNA 3'-end processing.protein localization to nucleus.stem cell population maintenance.transcription elongation from RNA polymerase II promoter.Wnt signaling pathway
214,ARSK,Q148F3,ARSK_BOVIN,Arylsulfatase K,ARSK,Bos taurus (Bovine),Reviewed,NA
215,GPR150,A0A4W2IQF4,A0A4W2IQF4_BOBOX,G_PROTEIN_RECEP_F1_2 domain-containing protein,GPR150,Bos indicus x Bos taurus (Hybrid cattle),Unreviewed,NA
216,RFESD,A0A4W2EN89,A0A4W2EN89_BOBOX,Rieske domain-containing protein,RFESD,Bos indicus x Bos taurus (Hybrid cattle),Unreviewed,NA
217,SPATA9,Q3T021,SPAT9_BOVIN,Spermatogenesis-associated protein 9,SPATA9,Bos taurus (Bovine),Reviewed,cell differentiation.multicellular organism development.spermatogenesis
218,RHOBTB3,A0A3Q1M2K6,A0A3Q1M2K6_BOVIN,Rho related BTB domain containing 3,RHOBTB3,Bos taurus (Bovine),Unreviewed,actin filament organization.cell migration.cortical cytoskeleton organization.establishment or maintenance of cell polarity.regulation of actin cytoskeleton organization.regulation of cell shape.vesicle-mediated transport
219,GLRX,Q4U0T9,CSRP3_BOVIN,Cysteine and glycine-rich protein 3,CSRP3,Bos taurus (Bovine),Reviewed,actin cytoskeleton organization.cardiac muscle contraction.cardiac muscle hypertrophy.cardiac myofibril assembly.cellular calcium ion homeostasis.detection of muscle stretch.glucose homeostasis.inflammatory response.insulin receptor signaling pathway.muscle organ development.muscle tissue development.positive regulation of transcription by RNA polymerase II.protein kinase C signaling.protein localization to organelle.regulation of protein localization to plasma membrane.regulation of the force of heart contraction.sarcomere organization.T-tubule organization
220,ELL2,Q5EAB2,CDK9_BOVIN,Cyclin-dependent kinase 9,CDK9,Bos taurus (Bovine),Reviewed,cellular response to cytokine stimulus.DNA repair.negative regulation of cell cycle arrest.negative regulation of mRNA polyadenylation.phosphorylation of RNA polymerase II C-terminal domain.positive regulation of histone H2B ubiquitination.positive regulation of histone phosphorylation.positive regulation of mRNA 3'-UTR binding.positive regulation of transcription by RNA polymerase II.protein phosphorylation.regulation of DNA repair.regulation of muscle cell differentiation.replication fork processing
221,PCSK1,P01272,GLUC_BOVIN,Pro-glucagon,GCG,Bos taurus (Bovine),Reviewed,adenylate cyclase-activating G protein-coupled receptor signaling pathway.adenylate cyclase-modulating G protein-coupled receptor signaling pathway.glucose homeostasis.lactate biosynthetic process.lipid biosynthetic process.negative regulation of apoptotic process.negative regulation of execution phase of apoptosis.positive regulation of calcium ion import.positive regulation of ERK1 and ERK2 cascade.positive regulation of gluconeogenesis.positive regulation of histone H3-K4 methylation.positive regulation of insulin secretion involved in cellular response to glucose stimulus.positive regulation of peptidyl-serine phosphorylation.positive regulation of peptidyl-threonine phosphorylation.positive regulation of protein binding.positive regulation of protein kinase activity.protein kinase A signaling.regulation of insulin secretion.response to activity
222,CAST,Q32PE3,SELK_BOVIN,Selenoprotein K,SELENOK,Bos taurus (Bovine),Reviewed,calcium ion transport.endoplasmic reticulum calcium ion homeostasis.protein palmitoylation
223,ERAP1,P79098,AMPN_BOVIN,Aminopeptidase N,ANPEP,Bos taurus (Bovine),Reviewed,angiogenesis.cell differentiation.peptide catabolic process.proteolysis.regulation of blood pressure.signal transduction
224,ERAP2,A6QPT7,ERAP2_BOVIN,Endoplasmic reticulum aminopeptidase 2,ERAP2,Bos taurus (Bovine),Reviewed,adaptive immune response.antigen processing and presentation of endogenous peptide antigen via MHC class I.peptide catabolic process.proteolysis.regulation of blood pressure.signal transduction
225,LNPEP,A0A3Q1MAQ4,A0A3Q1MAQ4_BOVIN,Leucyl and cystinyl aminopeptidase,LNPEP,Bos taurus (Bovine),Unreviewed,peptide catabolic process.proteolysis.regulation of blood pressure.signal transduction
226,LIX1,A0A4W2EU58,A0A4W2EU58_BOBOX,RNA-binding protein 8A,LIX1L,Bos indicus x Bos taurus (Hybrid cattle),Unreviewed,"mRNA processing.mRNA transport.nuclear-transcribed mRNA catabolic process, nonsense-mediated decay.RNA splicing"
227,RIOK2,Q2TA25,PLK1_BOVIN,Serine/threonine-protein kinase PLK1,PLK1,Bos taurus (Bovine),Reviewed,centrosome cycle.establishment of mitotic spindle orientation.establishment of protein localization.female meiosis chromosome segregation.G2/M transition of mitotic cell cycle.homologous chromosome segregation.microtubule bundle formation.mitotic cell cycle.mitotic cytokinesis.mitotic sister chromatid segregation.mitotic spindle assembly checkpoint.negative regulation of apoptotic process.negative regulation of cyclin-dependent protein serine/threonine kinase activity.negative regulation of transcription by RNA polymerase II.nuclear envelope disassembly.peptidyl-serine phosphorylation.positive regulation of peptidyl-threonine phosphorylation.positive regulation of proteasomal ubiquitin-dependent protein catabolic process.positive regulation of ubiquitin protein ligase activity.positive regulation of ubiquitin-protein transferase activity.protein destabilization.protein localization to chromatin.protein localization to nuclear envelope.protein phosphorylation.protein ubiquitination.regulation of cytokinesis.regulation of mitotic spindle assembly.regulation of protein binding.regulation of protein localization to cell cortex.signal transduction involved in G2 DNA damage checkpoint.synaptonemal complex disassembly
228,RGMB,Q2KJH1,BMP4_BOVIN,Bone morphogenetic protein 4,BMP4,Bos taurus (Bovine),Reviewed,"activation of MAPKK activity.anterior/posterior axis specification.aortic valve morphogenesis.blood vessel endothelial cell proliferation involved in sprouting angiogenesis.BMP signaling pathway.BMP signaling pathway involved in heart development.BMP signaling pathway involved in heart induction.BMP signaling pathway involved in nephric duct formation.BMP signaling pathway involved in renal system segmentation.BMP signaling pathway involved in ureter morphogenesis.branching involved in prostate gland morphogenesis.branching involved in ureteric bud morphogenesis.branching morphogenesis of an epithelial tube.bronchus development.bud dilation involved in lung branching.bud elongation involved in lung branching.cardiac muscle cell differentiation.chondrocyte differentiation.cloacal septation.common-partner SMAD protein phosphorylation.coronary vasculature development.cranial suture morphogenesis.deltoid tuberosity development.dorsal/ventral neural tube patterning.embryonic cranial skeleton morphogenesis.embryonic digit morphogenesis.embryonic hindlimb morphogenesis.embryonic skeletal joint morphogenesis.endocardial cushion development.endochondral ossification.endoderm development.epithelial cell proliferation involved in lung morphogenesis.epithelial-mesenchymal cell signaling.erythrocyte differentiation.germ cell development.glomerular capillary formation.glomerular visceral epithelial cell development.hematopoietic progenitor cell differentiation.inner ear receptor cell differentiation.intermediate mesodermal cell differentiation.kidney development.lens induction in camera-type eye.lung alveolus development.lymphoid progenitor cell differentiation.macrophage differentiation.mammary gland formation.membranous septum morphogenesis.mesenchymal cell differentiation involved in kidney development.mesenchymal cell proliferation involved in ureter development.mesenchymal cell proliferation involved in ureteric bud development.mesenchymal to epithelial transition involved in metanephros morphogenesis.mesodermal cell fate determination.mesonephros development.metanephric collecting duct development.monocyte differentiation.negative regulation of apoptotic process.negative regulation of branch elongation involved in ureteric bud branching by BMP signaling pathway.negative regulation of branching involved in ureteric bud morphogenesis.negative regulation of cell cycle.negative regulation of cell death.negative regulation of cell proliferation involved in heart morphogenesis.negative regulation of chondrocyte differentiation.negative regulation of epithelial cell proliferation.negative regulation of extrinsic apoptotic signaling pathway.negative regulation of glomerular mesangial cell proliferation.negative regulation of glomerulus development.negative regulation of immature T cell proliferation in thymus.negative regulation of MAP kinase activity.negative regulation of mesenchymal cell proliferation involved in ureter development.negative regulation of metanephric comma-shaped body morphogenesis.negative regulation of metanephric S-shaped body morphogenesis.negative regulation of mitotic nuclear division.negative regulation of myoblast differentiation.negative regulation of phosphorylation.negative regulation of pri-miRNA transcription by RNA polymerase II.negative regulation of prostatic bud formation.negative regulation of striated muscle tissue development.negative regulation of thymocyte apoptotic process.negative regulation of transcription, DNA-templated.negative regulation of transcription by RNA polymerase II.neural tube closure.neuron fate commitment.odontogenesis.odontogenesis of dentin-containing tooth.osteoblast differentiation.outflow tract septum morphogenesis.pharyngeal arch artery morphogenesis.pituitary gland development.positive chemotaxis.positive regulation of apoptotic process.positive regulation of BMP signaling pathway.positive regulation of bone mineralization.positive regulation of branching involved in lung morphogenesis.positive regulation of cardiac muscle fiber development.positive regulation of cardiac neural crest cell migration involved in outflow tract morphogenesis.positive regulation of cartilage development.positive regulation of cell population proliferation.positive regulation of cell proliferation involved in outflow tract morphogenesis.positive regulation of collagen biosynthetic process.positive regulation of endothelial cell differentiation.positive regulation of endothelial cell migration.positive regulation of endothelial cell proliferation.positive regulation of epidermal cell differentiation.positive regulation of epithelial cell proliferation.positive regulation of epithelial to mesenchymal transition.positive regulation of ERK1 and ERK2 cascade.positive regulation of kidney development.positive regulation of neuron differentiation.positive regulation of osteoblast differentiation.positive regulation of pathway-restricted SMAD protein phosphorylation.positive regulation of pri-miRNA transcription by RNA polymerase II.positive regulation of production of miRNAs involved in gene silencing by miRNA.positive regulation of protein binding.positive regulation of SMAD protein signal transduction.positive regulation of smooth muscle cell proliferation.positive regulation of transcription, DNA-templated.post-embryonic development.protein localization to nucleus.pulmonary artery endothelial tube morphogenesis.pulmonary valve morphogenesis.regulation of branching involved in prostate gland morphogenesis.regulation of cell fate commitment.regulation of odontogenesis of dentin-containing tooth.regulation of pathway-restricted SMAD protein phosphorylation.regulation of protein import into nucleus.regulation of smooth muscle cell differentiation.renal system process.secondary heart field specification.SMAD protein signal transduction.smooth muscle tissue development.specification of animal organ position.specification of ureteric bud anterior/posterior symmetry by BMP signaling pathway.steroid hormone mediated signaling pathway.telencephalon regionalization.tendon cell differentiation.trachea formation.type B pancreatic cell development.ureter epithelial cell differentiation.ureter smooth muscle cell differentiation"
229,CHD1,P18493,PARP1_BOVIN,Poly [ADP-ribose] polymerase 1,PARP1,Bos taurus (Bovine),Reviewed,ATP generation from poly-ADP-D-ribose.cellular response to DNA damage stimulus.DNA ADP-ribosylation.double-strand break repair.peptidyl-glutamic acid poly-ADP-ribosylation.peptidyl-serine ADP-ribosylation.positive regulation of cardiac muscle hypertrophy.positive regulation of double-strand break repair via homologous recombination.protein ADP-ribosylation.protein auto-ADP-ribosylation.protein poly-ADP-ribosylation
